{
  "best_epoch": 3,
  "best_val_macro_f1": 0.9315329286384859,
  "test_acc": 0.9568965517241379,
  "test_macro_f1": 0.943370845623462,
  "test_loss": 0.15994668328042688,
  "total_params": 85802501,
  "trainable_params": 85802501,
  "trainable_ratio": 1.0,
  "num_classes": 5,
  "num_samples": 789,
  "num_train": 557,
  "num_val": 116,
  "num_test": 116
}